open,high,low,volume,price
1132.4,1133.6,1123.9,0.25,1127.1
1127.5,1127.5,1111.3,0.28,1115.5
1114.9,1118.3,1111,0.26,1114
1113,1140.7,1105,0.47,1136.7
1138.7,1141.3,1129.8,0.2,1137.7
1135.3,1149.8,1134.9,0.24,1146.4
1145.8,1152.5,1142,0.27,1148.6
1145.2,1150.4,1136.5,0.24,1144.2
1139.4,1158.5,1139.4,0.22,1155.8
1157.2,1168.1,1157,0.26,1164.4
1161.1,1168.3,1152.9,0.3,1165.3
1166.9,1189,1162.5,0.48,1179.6
1184.3,1191.2,1174.7,0.43,1187.3
1181.8,1184.1,1174.4,0.34,1182.9
1175.9,1176.6,1168.3,0.18,1172.5
1168.5,1180.4,1167.8,0.18,1177.2
1176.3,1178.2,1163.6,0.2,1166.8
1166.9,1170.7,1163,0.13,1165.8
1165.9,1179,1158.7,0.45,1162.5
1162.3,1168.9,1162.3,0.08,1165.9
1163.6,1168.3,1160.5,0.26,1165.4
1166.4,1182,1153.3,0.22,1175.7
1156.1,1162.5,1144.2,155.61,1147.3
1146.6,1149.8,1138.4,123.17,1141.4
1141.3,1142.7,1132.2,106.36,1135.9
1132.9,1138,1113.6,157.45,1114.1
1117.4,1122.3,1105.6,157.67,1106.2
1106.8,1111.3,1102.2,144.64,1104.2
1103.2,1109.7,1084.5,199.87,1087.7
1089.1,1094.9,1087.4,141.89,1088.1
1090.8,1094.8,1084,144.17,1088.5
1088.5,1093.5,1083.2,171.73,1084.9
1085.4,1089,1073,208.3,1081
1083.5,1088,1078.2,130.83,1080.9
1087.9,1097.4,1080.5,151.38,1083.6
1082.4,1085.1,1064.4,181.46,1068.6
1070.2,1074.6,1062,154.64,1068.7
1069.3,1086.6,1068.3,177.56,1077.9
1079.7,1087.2,1074.9,157.7,1076.3
1076.4,1076.5,1065,178.09,1066.8
1068.5,1080.7,1068.1,158.53,1073.8
1075,1080.4,1067.1,148.66,1070
1070.1,1074.2,1069.2,0,1070.8
1069.9,1073.7,1051.5,1.42,1056.1
1057.1,1069,1052.3,0.76,1065.4
1065.1,1074.2,1062.9,1.24,1063.6
1068.1,1070.2,1049.6,0.61,1053.9
1053.3,1064.7,1045.7,0.92,1061.3
1063,1088.2,1058.3,1.54,1084
1085.1,1085.2,1065.5,0.58,1075.4
1070.2,1078.3,1067.1,0.39,1075.5
1075.5,1085.1,1069.2,0.48,1076.8
1071.8,1076,1069.5,0.17,1072.3
1070,1079.4,1062.4,0.52,1076
1073.5,1077,1059.5,0.35,1063.7
1060.2,1067.8,1057.6,0.33,1061.8
1060.7,1077.6,1060.7,0.6,1076.9
1071.3,1071.7,1046.7,0.54,1049.7
1051.1,1070,1051.1,0.42,1065
1065.2,1080.9,1063.3,0.23,1080.6
1079.6,1080.3,1071.5,0.12,1074.1
1072.9,1074.6,1067.8,0.33,1068.3
1070.9,1076.9,1070.7,0.22,1076.1
1076.6,1076.6,1066.7,0.21,1068.9
1071.7,1074.8,1067.9,0.25,1068.3
1068.2,1071.5,1058.5,98.71,1059.8
1060.6,1062.7,1056.5,55.71,1060.2
1061.5,1083,1061,159.79,1075.2
1073.5,1081.5,1071.9,104.64,1078.4
1076.8,1094.9,1074.4,191.8,1091.9
1093.7,1109.9,1091.1,217.27,1107.8
1108.8,1113.1,1091.8,193.45,1097.9
1103.6,1108.3,1093.1,193.21,1096.2
1094,1099.1,1083.1,167.65,1085.2
1086.8,1095.6,1079.4,156.11,1087.1
1093.6,1095.4,1071.1,174.24,1073.6
1079.2,1097.5,1076,173.46,1090.7
1088.6,1090.8,1088.6,0,1090.3
1090.2,1093.3,1087.4,0,1088.5
1089.3,1094.5,1082.1,160.11,1089.1
1087.3,1109.9,1087.1,193.28,1106.2
1100.9,1104.8,1092.5,178.74,1098.2
1101.6,1103.5,1094.4,142.74,1096.3
1097.8,1109.2,1097.6,176.36,1105.3
1108.2,1123.2,1107.2,197.69,1120.2
1119.9,1128,1114.9,168.71,1115.8
1125,1125.9,1110,1.46,1115.6
1115.2,1118.7,1108.6,1.04,1116.5
1116.5,1130,1116.5,0.89,1128
1128.1,1131.5,1122.7,0.82,1127.2
1128,1145.8,1124.9,1.3,1141.2
1142.6,1157.2,1140.3,0.85,1157.2
1155.1,1174.6,1145.4,1.46,1157.4
1173.4,1201.1,1164.6,2.17,1197.6
1191.2,1199,1185.8,1.52,1198.4
1189.5,1197.6,1181.5,1.24,1194.3
1196.5,1263.4,1196.5,3.48,1247.5
1246.3,1248.2,1232.6,1.76,1239
1235.7,1235.9,1231.4,0,1233.6
1234,1235.1,1202.8,0,1208.1
1236,1236,1191.8,6,1207.7
1201.2,1213.9,1195.8,1.09,1210.9
1209.1,1240,1200.8,1.99,1225.8
1230.9,1234.9,1220.3,1.07,1230.3
1226.5,1226.5,1202.5,1.58,1209.7
1209.1,1228.5,1207.4,1.8,1222.2
1226.1,1253.2,1222.2,2.31,1238.7
1227.5,1242.5,1222,1.35,1238.2
1232.5,1241.3,1212,218.71,1220.4
1223.1,1241.8,1216.3,183.45,1234.4
1238.9,1249.3,1227.7,225.61,1230.8
1232.3,1244.8,1225.1,182.78,1241.8
1240.8,1269.3,1238,226.3,1258.2
1264.6,1280.7,1250.1,361.18,1270.7
1260.5,1274.1,1257.4,212.79,1264
1267.9,1279,1261,206.13,1262.9
1262.2,1265.7,1243.6,223.14,1257.4
1253.7,1274.3,1237.5,304.98,1272.8
1272,1287.8,1249,235.78,1259.4
1250.9,1261.9,1229.9,207.56,1245.1
1237,1238.7,1226,185.33,1231
1233.1,1264.8,1227,203.81,1229.8
1262,1271.9,1255.2,208.12,1265
1257.7,1267.7,1248.4,158.07,1254.3
1255.2,1256.7,1241.2,176.62,1244.2
1244.3,1260.9,1242.8,195.73,1248.6
1248.5,1249.8,1215.4,266.17,1224
1220.7,1224.2,1211.2,169.7,1221.6
1216.7,1216.7,1216.7,0,1216.7
1216,1223.2,1206,142.68,1220.1
1221.5,1243.4,1215.3,189.73,1235.8
1242.3,1245.4,1224.1,2.69,1227.8
1226.5,1240.9,1224.5,1.53,1234.9
1233.4,1236.2,1209.9,2.66,1222.8
1222.1,1223.2,1215.5,1.61,1218.6
1216.3,1237.8,1215.7,1.25,1228.9
1232.4,1233,1217,1.78,1223
1223.7,1244.1,1223.6,1.65,1236.7
1239.7,1243.7,1231.1,0.9,1243.1
1243,1260,1243,1.3,1257.3
1259.2,1263.3,1252.8,0.9,1260.1
1257.1,1257.7,1241.3,0.75,1247.5
1243,1245,1225,1.07,1225.7
1228,1236.5,1226.8,1.04,1233.7
1237,1242.1,1231.5,1.25,1234
1231.6,1256.8,1228.5,1.07,1253.3
1251,1258.1,1243.1,0.74,1253.4
1243.8,1271.1,1243.7,2.17,1249.3
1250.3,1252.9,1228.1,1.07,1229.1
1233.3,1242.6,1231,0.99,1239.4
1238.7,1245.4,1232.3,0.8,1242.6
1244,1251.5,1241,0.55,1249.6
1247.3,1271.7,1239.1,227.21,1266.4
1268,1299,1267,273.99,1290.5
1293.2,1306,1289.6,198.26,1295.8
1293.4,1303.9,1284,214.99,1291.8
1287.7,1291.8,1273.6,212.95,1274.4
1281.2,1288.4,1270.6,174.58,1272.3
1279.3,1297.7,1276.2,257.61,1294
1286.7,1289.5,1262.8,225.23,1266.6
1265.4,1272,1258.3,174.08,1264.8
1267.3,1280.8,1266.3,239.7,1275.5
1279.3,1282.5,1262.9,218.1,1271.2
1264.8,1277.7,1264,174.35,1272.7
1273.1,1290.4,1271.6,198.78,1274.2
1274.9,1283.9,1270.1,205.19,1276.9
1280.6,1283.5,1256,233.58,1274.4
1259.1,1262.3,1244.6,270.06,1254.8
1256.3,1261.2,1249.6,205.16,1252.9
1251.7,1256.8,1243.5,218.72,1251.5
1249.5,1252.8,1226.2,322.96,1229.2
1227.3,1230.2,1217.7,246.05,1223.8
1223.6,1234.6,1218.4,199.78,1220.4
1221.3,1224.4,1207.9,2.73,1215.2
1208.25,1213.15,1201.8,0,1212.15
1212.1,1219.2,1200.9,2.23,1216.2
1216.5,1221.4,1206.8,2.59,1213.4
1213.4,1218.4,1210.9,1.37,1211.2
1211.5,1246,1207.7,2.97,1241.5
1244.3,1249.3,1241.1,1.03,1245.9
1245.8,1247.4,1235.9,0.61,1245.5
1245.1,1265.5,1244.5,2.06,1260.8
1263,1272.8,1258.7,0.93,1271.2
1270.9,1279.1,1266,0.93,1274.4
1277.2,1288.5,1273.8,0.94,1285.4
1283.8,1291.4,1278.2,1.27,1286.6
1286,1298.3,1279.9,3.07,1286.8
1294.7,1317,1279.9,3.68,1296.8
1280.8,1301,1278.9,1.32,1293.2
1291,1293.3,1279.6,0.69,1290.4
1290,1295,1266,1.22,1270.9
1270.7,1271.5,1262.6,0.84,1268.4
1264.8,1273.3,1256.2,0.53,1261.6
1252.4,1360.1,1252.4,4.41,1319.7
1325,1336.2,1318.8,1.75,1322
1325.2,1325.7,1306,1.07,1314.9
1313.9,1331,1313.3,176.82,1326.9
1321,1326.5,1315.3,192.95,1320.6
1324.8,1347,1323.1,223.73,1339
1344.5,1347.55,1338.85,0,1345.5
1345,1360.15,1343,0,1352
1345,1360.3,1338.5,353.81,1358.7
1358,1377.5,1356.3,237.06,1367.1
1365.7,1372.9,1352,218.46,1362.1
1361,1371.8,1336.3,301.19,1358.4
1368.9,1376.5,1351.8,230.7,1356.6
1356.3,1358.9,1331,257.34,1335.3
1334,1346.3,1328.1,204.59,1343.6
1344.5,1348,1320.4,264.33,1332.2
1336.4,1339.5,1322.6,191.83,1327.4
1333.4,1336,1323.5,163.21,1329.3
1329.1,1335.5,1325.8,150.62,1332.3
1332.2,1338.8,1312.5,224.99,1319.3
1316.2,1334,1310.7,253.46,1331
1331.4,1334,1319.4,232.26,1323.4
1322.7,1323.4,1311.1,263.66,1319.5
1315.5,1324.4,1313.6,203.41,1320.8
1319.9,1342.3,1315.6,215.39,1326.7
1341,1345.5,1332.4,2.47,1334.6
1334.8,1354.7,1328.4,2.69,1350.3
1350,1355.1,1346.5,0.77,1352.8
1352.9,1367.2,1347,3.34,1365.7
1363.2,1366.2,1353.8,3,1357
1356.6,1363.6,1347.9,3.52,1359.7
1359.1,1363,1333.7,4.21,1337.3
1332.8,1336.5,1328.9,2.76,1334.2
1333.6,1341.7,1329.2,1.42,1339.9
1340.7,1356.6,1340.7,1.08,1345.3
1346.6,1352,1335.7,0.84,1343.5
1337.3,1355.1,1333.4,1.16,1336.8
1337,1342.4,1334.9,0.61,1341.3
1341.7,1358,1341,1.36,1351
1346.8,1349.9,1335,1.07,1343.2
1347.6,1354.9,1345.2,0.67,1351.2
1350.9,1350.9,1336.9,0.5,1340.5
1339.2,1339.2,1330,0.95,1337.6
1335,1343.1,1334.1,0.4,1340.3
1336.5,1338.2,1321.9,0.93,1324.3
1323.3,1325.9,1316.5,1.26,1320
1320.1,1340.8,1317,1.11,1321.4
1318.7,1323.2,1314.3,0.44,1322.6
1323.2,1325.4,1308.6,3.73,1313
1311.2,1315.6,1303.6,4.11,1307.9
1308.2,1315.1,1302.1,5.37,1313.6
1314.1,1330.3,1304,6.87,1323.2
1328.2,1328.75,1326.15,0,1326.25
1326.35,1332.15,1325.55,0,1331.1
1323.4,1353.3,1322.1,9.08,1350.4
1349.5,1353.8,1343.2,5.82,1345.3
1345,1349.5,1335.5,4.42,1337.8
1338,1339.6,1327.3,3.88,1330.7
1327.7,1329.8,1319.2,8.02,1321.6
1326.9,1331.6,1314.8,6.71,1319.6
1318.5,1325.8,1312.7,4.42,1322
1321.7,1328,1308.2,9.85,1314
1314.5,1317,1305.4,8.17,1306.2
1308.9,1317.5,1308.7,4.33,1313.8
1312.4,1317.1,1311.3,14.03,1314
1314.1,1337,1306.7,8.9,1327.2
1333.4,1343.4,1331.4,5.87,1340.7
1336.6,1340.2,1333.6,5.69,1337.5
1336.6,1341.8,1332.5,7.36,1339.8
1338.1,1338.9,1323.3,19.95,1326
1326.4,1326.9,1316.9,10.55,1319.4
1324.9,1326.7,1317,0.76,1324
1323.7,1329.2,1314.9,0.59,1315.1
1319.1,1320,1310,0.35,1310.7
1313.4,1313.4,1267.8,1.61,1268.2
1269.5,1277.3,1262.8,0.54,1266.9
1267.9,1269.3,1250.6,0.79,1251.4
1255,1265.4,1242,0.78,1250.3
1257.6,1265.1,1257.2,0.58,1258.7
1260.1,1262.1,1253,0.42,1254.2
1254.8,1257.5,1250,0.53,1252.3
1254,1262,1253.7,0.42,1256.1
1257.9,1257.9,1246.9,0.37,1254
1250.5,1256.1,1249.8,0.12,1255.1
1255.2,1263.3,1254.5,0.43,1261.5
1262.4,1272.1,1260,0.62,1268.4
1269,1274.2,1264.4,0.39,1266.1
1263.4,1267.2,1261,0.26,1266.4
1265.4,1270.7,1260.4,0.55,1262.4
1263.8,1275.1,1263.8,0.45,1272.2
1272.7,1275.1,1264.3,0.89,1265.2
1265,1272.2,1265,0.34,1268.2
1269.2,1285.4,1262,232.89,1276.8
1278.3,1280.5,1271.9,123.7,1273.1
1277.8,1292.9,1276.3,207.26,1288
1289,1309.3,1288.4,241.7,1308.2
1298.1,1308,1286.2,228.55,1303.3
1303.2,1308.3,1295.7,217.45,1304.5
1294.5,1296.5,1278.6,221.68,1279.4
1282.2,1291.5,1273.3,202.5,1274.5
1276.8,1338.3,1268.1,816.53,1273.5
1278.4,1292.5,1251.9,413.56,1266.4
1258.7,1265,1218.7,444.59,1224.3
1227.7,1230.9,1211,351.97,1221.7
1221.8,1231.4,1218.6,234.17,1224.5
1228,1233.1,1221,204.45,1223.9
1224.8,1231.1,1210.5,237.79,1216.9
1216,1217.5,1201.3,257.11,1208.7
1207.3,1217.8,1205.4,167.83,1209.8
1213.5,1220.9,1205.6,210.55,1211.2
1212.6,1214.7,1181.2,367.81,1189.3
1189.2,1190.3,1179.75,0,1185.55
1189.4,1192.7,1170.3,300.28,1178.4
1184.4,1197.2,1182.4,189.91,1190.8
1195,1196,1181.1,2.22,1189.3
1188.7,1195,1169.7,2.32,1172.4
1174.1,1177,1161,1.65,1168.1
1173.2,1178.4,1167.2,1.35,1176.5
1179.3,1188.5,1158,1.64,1175.2
1170.9,1175.5,1167,0.57,1168.8
1169.9,1180.7,1167.4,0.83,1176.2
1174.9,1179.3,1169.8,0.57,1171.1
1170.6,1172.1,1157.6,0.85,1160.6
1158,1166.1,1151.4,1.09,1164.7
1164.1,1165.2,1155.3,0.78,1157.8
1158.1,1166.6,1140.7,1.4,1162.4
1143.6,1144.2,1124.7,1.47,1128.6
1129.6,1141.5,1127.5,1.72,1135.9
1134.1,1142.1,1134.1,1.07,1141
1138.5,1139.2,1126.6,0.82,1132
1132.4,1136.8,1129.7,0.33,1131.6
1131.6,1133.5,1127.7,0.2,1129.1
1130.3,1135.3,1129.9,0.33,1132
1135,1135,1135,0,1135
1135,1136.05,1134,0,1134.55
1134.2,1149.3,1132.7,0.97,1137.4
1138.5,1143,1136.6,1.57,1139.2
1143.1,1160.6,1142.6,158.03,1158.1
1159.5,1164.3,1150.3,143.85,1151.7
1151,1153.25,1150,0,1151.05
1151.4,1166,1146.5,229.18,1162
1159.6,1168.6,1156.7,179.88,1165.3
1164.6,1185.9,1163.6,272.12,1181.3
1181,1183.8,1171.1,226.43,1173.4
1172.9,1186.4,1172.2,179.03,1184.9
1181.3,1190.6,1180.2,224.81,1185.5
1188.1,1198.5,1177,328.69,1196.6
1191.1,1207.2,1190.7,269.32,1199.8
1194.8,1201.8,1187.5,288.62,1196.2
1197.3,1205.05,1197.3,0,1203.35
1203.25,1208.45,1200,0,1202.85
1199.4,1218.9,1198,381.42,1212.9
1216.8,1217.7,1201.8,203.65,1212.1
1203.1,1206.4,1195.4,247.4,1201.5
1204.8,1214.8,1198.2,244.34,1204.9
1209.3,1219.4,1209,237.41,1215.6
1218,1220.1,1206.2,216.01,1210.8
1208.6,1209.3,1192.6,299.18,1197.8
1200.7,1202.3,1183.9,244.31,1189.8
1188.5,1191,1179.7,234.35,1188.4
1191.6,1199.9,1188.5,2.69,1194.5
1195.9,1215.7,1194.5,2.63,1209.8
1210.7,1212.6,1198.6,1.64,1206.9
1209.9,1226,1209.5,2.45,1218
1216.4,1221.7,1207,3.28,1219.6
1220.7,1236.2,1219.5,1.75,1230.9
1235.3,1236.2,1227.9,1,1234.9
1234.1,1245,1230.5,1.17,1238.2
1241.1,1244.6,1225.2,1.76,1235.7
1228.6,1237.6,1221.7,1.43,1234.9
1233.2,1233.2,1219.3,0.8,1224.8
1225.4,1234.9,1221.7,1.11,1224.3
1229,1233,1216.6,1.32,1231.9
1234.1,1242.1,1232.2,1.04,1240.2
1238.9,1243.3,1235,0.59,1237.8
1236,1239.25,1236,0,1237.3
1237.25,1240.15,1233.5,0,1238.2
1235.4,1238.7,1226,1.16,1237.7
1234.6,1240.7,1231.4,0.48,1232.1
1237.5,1250.7,1235.8,1.32,1250.1
1249.2,1259.4,1247.7,1.26,1256.8
1258.9,1264.9,1251.5,208.49,1258.8
1253.3,1259.3,1248.2,234.94,1253.9
1248.5,1251.4,1237.2,318.04,1250
1249.9,1250.8,1231.1,272.76,1232.9
1234.8,1236.7,1223,272.29,1226.5
1233.9,1237.3,1225,156.98,1225.5
1225.7,1227.4,1214.1,203.71,1216.1
1215.6,1218.5,1206.4,211.11,1209.4
1207.7,1208.9,1199,233.51,1203.2
1200.2,1206.2,1194.5,257.84,1201.4
1205,1210.9,1202,173.92,1203.1
1203.5,1207.5,1196.9,183.72,1202.6
1198.7,1222,1196.8,264.34,1200.7
1219.5,1234,1218.1,257.89,1227.1
1226.2,1231.5,1224,153.15,1230.2
1229,1235.5,1228.8,126.34,1234
1234.2,1247.7,1226.6,285.63,1246.5
1244.5,1251.5,1243.8,216.45,1249.7
1248.6,1253.3,1242.7,234.77,1247.2
1245,1251.9,1240.7,207.57,1248.5
1245.5,1261,1245.5,237.27,1255.7
1253.5,1258.4,1247.3,243.24,1255.6
1250.8,1254.4,1246.9,190.68,1253.7
1254,1254.6,1242.8,2.49,1246.5
1242.8,1250.6,1240.6,2.13,1249.5
1248.5,1254.2,1244.8,1.11,1252.3
1254.8,1261.7,1254.5,1.39,1256.7
1256.4,1257.3,1244,1.25,1246.9
1256.5,1259.2,1250,0.65,1251.7
1251.8,1271.2,1251.4,1.55,1255.6
1254,1256.8,1247,0.7,1252.3
1255,1275.1,1253.5,1.1,1272.5
1274,1287.3,1273,0.93,1276.4
1286.1,1288.7,1282.3,0.63,1286.8
1289.65,1289.65,1289.65,0,1289.65
1290.5,1295.3,1281.5,0.79,1290.2
1284.8,1292.1,1278.9,0.61,1292.4
1289.7,1290.8,1273.8,0.63,1281.7
1279.4,1282.7,1277.2,0.33,1282.1
1281.8,1288.1,1278.9,0.74,1287.4
1280.9,1280.9,1265,0.82,1275.9
1276.2,1278.1,1261.6,1.39,1265.4
1263.8,1269.5,1259.6,1.16,1262.1
1270.2,1271.1,1261.8,210.73,1265.9
1265.2,1269.9,1264.2,173.29,1268.3
1269.6,1272.4,1254.9,199.78,1255.5
1257.4,1258.8,1252.6,181.51,1257
1257.8,1257.8,1236.4,253.65,1248.5
1238.5,1241.7,1225.7,318.32,1228.6
1228.5,1236,1226.2,275.89,1226.9
1223.1,1236.9,1221,201.06,1227.1
1226.6,1228.7,1214.3,254.02,1216.1
1222.1,1225.8,1217.5,194.72,1218.9
1219.2,1227.7,1216.9,237.71,1224.2
1225,1231.6,1224.4,199.88,1227.7
1228.3,1237.4,1226.8,189.23,1230
1230.8,1239.1,1230,204.21,1236.4
1237.2,1261.5,1236.3,377.87,1258.7
1261.4,1265,1245.7,368.9,1252.8
1246.8,1256.4,1246.1,212.92,1253.6
1257.5,1262.6,1251.6,205.21,1261.4
1260.4,1263.8,1250.5,275.11,1255.5
1251.1,1258.8,1247.6,257.36,1253.1
1258.4,1259.4,1253.5,202.85,1256.4
1255.1,1269.3,1252.6,271.46,1268.1
1266.31,1269.02,1266.31,0,1268.22
1268.02,1268.6,1264.96,0,1266.69
1269.8,1271.5,1260.2,2.14,1263.8
1263.9,1274.3,1260.2,0.78,1273.6
1269.9,1270.6,1262,0.68,1268.3
1266.8,1280.2,1260,1.31,1278.4
1280.2,1283,1278.5,0.52,1280.7
1280.5,1296.3,1280.2,0.95,1295.2
1294.5,1294.9,1283.5,0.72,1290.9
1286.4,1288.9,1271.4,0.81,1277.5
1281.2,1281.2,1264.8,0.77,1269.5
1266.7,1270.4,1264,1.05,1267.2
1265.7,1269.2,1258.7,0.92,1266.9
1267,1281.8,1257.5,1.29,1274.2
1260.5,1266.7,1251.7,0.59,1253
1254.7,1257.1,1252,0.62,1255.1
1254.4,1255.6,1243,0.91,1245.3
1243.5,1247.2,1241.3,0.4,1242.1
1244.1,1247.1,1241,0.85,1244.2
1245,1253.6,1245,0.55,1247.9
1249.9,1263,1249.3,0.68,1254.8
1257.2,1257.2,1235,0.79,1244.9
1242,1251.6,1240.6,0.52,1245.3
1246.7,1253,1246.5,0.37,1247.5
1249.6,1253.2,1239.7,277.75,1245.8
1245.2,1248.2,1239,222.76,1242.3
1241.7,1242.6,1218,284.45,1219.2
1224.3,1228.03,1221.49,0,1227.55
1220.1,1228.4,1216.5,366.77,1221.7
1226.5,1229.5,1221.8,192.21,1223.3
1224.6,1228.1,1206.6,322.18,1209.7
1212.1,1215,1204,238.26,1213.2
1213.8,1217.1,1207.4,217.24,1214.7
1216.5,1225.2,1212.5,262.77,1219.1
1219.2,1223.6,1215.6,227.82,1217.3
1216.4,1232.7,1214,267.44,1227.5
1228.7,1235.4,1227.5,174.9,1233.7
1233.3,1244.1,1232.2,253.19,1241.9
1242,1243.5,1235.1,198.03,1242
1240.6,1247.2,1234.6,269.02,1245.5
1244.1,1255.9,1242.8,240.53,1254.9
1255.5,1259,1252,212.88,1254.3
1255.2,1258,1248.8,230.39,1252.1
1250.3,1263.4,1243.2,256.12,1249.4
1260.5,1265,1253.9,220.31,1260
1260.4,1271.8,1258.7,2.1,1270.2
1272,1272.2,1267.4,1.71,1268.9
1270.4,1276.1,1264.3,0.9,1275.2
1270.7,1274.5,1264.8,0.82,1274.2
1268.3,1272,1258.8,1.1,1270.2
1270.2,1272,1256,1.05,1260.2
1260,1260.9,1257,0.39,1260.2
1258.5,1266,1252.6,1,1257.9
1261.6,1279.5,1261.6,1.3,1274.6
1278.6,1288.5,1275.6,1.43,1285.1
1288,1292.9,1282.3,1.28,1289
1290.9,1290.9,1279.2,0.73,1285.3
1282.3,1282.3,1267.9,0.87,1274.7
1271.7,1284.3,1268.7,0.64,1277.9
1288.8,1288.8,1288.8,1.41,1287.3
1288.8,1301.5,1284.1,1.2,1286.5
1283.9,1293.5,1281.2,0.59,1291.5
1291.6,1292.2,1281.9,0.73,1285.6
1285.1,1290.7,1283.1,0.53,1289
1290.6,1290.6,1284.9,0.69,1286.5
1285.7,1294.5,1276,0.58,1292.6
1292.2,1312.2,1292,0.79,1309.8
1313,1325,1305.7,1.18,1313.1
1311.4,1315,1306.4,13.33,1310.4
1310.4,1325.1,1298.6,14.13,1318.5
1323,1330.8,1317.9,10.11,1326.6
1340.54,1342.07,1338.96,0,1341.22
1341.21,1344.59,1337.01,0,1338.08
1338,1345.6,1327.4,10.86,1340.6
1341,1343.5,1332.7,8.85,1335.2
1334.7,1351.6,1333.5,7.03,1346.5
1349.9,1358.5,1343.2,8.97,1347.3
1338.8,1340,1326.8,7.71,1331.8
1328.3,1332.2,1322.9,8.13,1328.8
1332.9,1336.1,1320.6,6.25,1324.2
1323.7,1331,1315.7,4.77,1325.4
1331.7,1334.3,1319.5,4.92,1321.3
1319.9,1320.1,1304.3,10.63,1306.9
1307.6,1311.3,1304.9,5.93,1306.7
1310.7,1315.7,1295.6,9.67,1312.5
1300.7,1303.8,1286.8,30.19,1290.6
1291,1297.1,1290.8,3.74,1293.3
1296.8,1311.2,1288,12.53,1307.1
1309.6,1312.5,1291.6,20.05,1297.7
1293.3,1295,1280.9,19.49,1284.1
1284,1288.8,1279.4,0.74,1286.5
1287.5,1290.5,1279.8,0.91,1282.7
1278,1278.5,1271.9,0.9,1274.1
1272.6,1275.5,1269.2,0.57,1273.1
1272.6,1282.8,1271.7,0.82,1275.2
1274.8,1279.7,1266.8,0.9,1271.4
1269.3,1276.7,1261.3,0.47,1273.1
1276.3,1285.7,1276.3,0.21,1283.2
1284.9,1294.5,1283.2,0.44,1292.1
1288.5,1294.1,1285.5,0.75,1287.3
1292.8,1297.9,1290.6,0.52,1294.7
1294.7,1304.1,1292.1,0.53,1302.9
1303.9,1306.2,1291.9,0.78,1301.2
1296,1296,1282.3,0.78,1284.4
1285,1288.5,1277.5,0.49,1281.2
1280.4,1289.7,1277,0.51,1288.1
1290,1290.6,1278.3,0.56,1278.6
1277,1282.2,1272.3,1.15,1278.8
1280.7,1282.2,1272.7,0.45,1275.8
1275.9,1277.9,1269.6,0.57,1276.3
1276.6,1280.5,1264.2,0.27,1266.8
1264.4,1270.2,1261.8,0.57,1268.2
1274.3,1279.9,1269.8,260.08,1277.7
1277.6,1279.1,1268.3,272.51,1270.5
1271.8,1281.9,1268.5,384.64,1277.3
1275.2,1285.1,1274,380.14,1278.1
1277.5,1281.2,1265.9,373.41,1269.2
1270.7,1283.9,1266.4,354.77,1281.6
1282.6,1282.8,1272.3,337.27,1275.8
1276.4,1288.1,1276.1,358.13,1283.7
1282.1,1289.5,1280.5,394.18,1287.5
1286,1287.7,1273.6,354.58,1274.2
1275.3,1279.9,1274.4,220.91,1278.9
1278.9,1283.8,1269.7,355.2,1282.9
1280.7,1290,1276.5,433.65,1277.7
1278,1281.8,1274.9,274.43,1278.2
1278.8,1297.5,1278.1,387.02,1296.5
1294.1,1295.1,1274.1,425.16,1275.3
1276.6,1284.5,1275.8,330.15,1281.7
1280.6,1294.6,1278.6,390.31,1292.2
1291.19,1293.87,1287.65,0,1291.66
1291.9,1293.3,1285.1,347.03,1287.3
1288,1299,1286.2,321.35,1294.4
1293.9,1297,1290.1,275.44,1294.9
1294.4,1297.3,1282.8,1.84,1283.7
1284.5,1286,1271.3,1.61,1274.8
1276,1290,1272.7,2.52,1280.2
1278.9,1278.9,1271.5,1.15,1275.5
1277,1277.7,1261.4,1.39,1263
1266.3,1269.7,1263.5,0.57,1264.3
1263.9,1263.9,1244.5,1.01,1251.4
1247.4,1252,1243.1,0.63,1246.5
1248.7,1251.4,1240.7,0.49,1245.1
1241.9,1245.6,1236.5,0.8,1239.8
1244,1257.5,1240.8,1,1246.9
1255.6,1259.7,1251.1,0.54,1255.3
1254.4,1262.4,1254,0.87,1255.8
1254.9,1265.2,1254.9,0.28,1263.7
1262.3,1266.5,1260.8,0.58,1262.4
1263.1,1269.4,1262.9,0.43,1267.8
1267.7,1270.5,1265.5,0.39,1268.8
1268.1,1278.5,1267.3,0.5,1277
1278.9,1279.5,1277.9,0,1277.9
1276.2,1286.1,1276.2,0.38,1285.5
1285,1290,1283.7,0.46,1288.3
1292,1297.3,1290.5,225.66,1297.2
1297.5,1309.8,1296.1,241.27,1309.3
1305.8,1309.7,1304.6,0,1308.7
1305.3,1320.4,1304.6,279.73,1316.1
1319,1323,1308.9,353.46,1318.5
1315.5,1327.3,1307.1,369.85,1321.6
1324.4,1324.7,1314.6,330.23,1322.3
1321.8,1323,1315.7,246.09,1320.4
1321.2,1321.4,1309.5,333.53,1313.7
1313.3,1328.6,1308.9,391.66,1319.3
1317.5,1324.7,1316.1,264.3,1322.5
1323.6,1340,1320.8,365.2,1334.9
1337.7,1338.6,1336.4,0,1337.4
1337.3,1344.9,1337,0,1341.8
1337.3,1345,1332.1,499.76,1337.1
1339,1344.5,1326.6,365.87,1339.2
1327.4,1333.3,1324.3,312.11,1327.2
1327,1338.2,1326.6,275.3,1333.1
1334,1335.8,1328,337.48,1331.9
1333,1341.5,1330.7,370.17,1336.7
1341.4,1361.6,1339.1,505.63,1356.3
1357,1365.4,1341,537.66,1362.9
1346.4,1356,1343.7,341.96,1352.1
1349,1351.4,1336.1,280.55,1340.3
1341.7,1349.5,1334.7,1.88,1337.2
1337.7,1348,1333,1.25,1340.4
1344.7,1351.3,1337.8,1.29,1345
1348.3,1350.1,1327.3,2.12,1334.6
1332.7,1341.5,1329.2,0.87,1333.8
1339.2,1346.2,1321.1,1.48,1326.9
1324.8,1332.2,1311.2,1.57,1312.2
1318.1,1321.6,1307.1,1.59,1316.5
1319.6,1321.9,1310.9,0.96,1313.3
1316.2,1326.1,1316.1,0.75,1324
1323,1330.5,1321.6,0.51,1328
1330.1,1356,1317.5,1.29,1355.6
1350.5,1357,1348.6,0.76,1352.9
1353.7,1361.2,1345.4,0.63,1353.7
1349.7,1352.4,1349.7,0,1350.5
1350.4,1353.9,1347.4,0,1347.8
1349.6,1350.8,1328.7,1.09,1328.9
1329.6,1335.9,1322.2,1.08,1329.8
1324.4,1331.4,1320.4,0.92,1330.4
1330.9,1330.9,1325.8,0.4,1327.9
1327.7,1339.9,1326.7,0.65,1330.3
1334.7,1338.4,1314.4,334.72,1318.6
1318.9,1323.7,1316.7,263.8,1317.9
1319.3,1322.3,1303.6,421.74,1305.2
1318,1326.6,1316.2,264.39,1323.4
1324.9,1328.9,1318.3,221.22,1319.9
1321,1339.9,1320.8,285.92,1335.2
1339.5,1342,1323,305.08,1327.6
1326.2,1329.8,1319.6,252.83,1321.7
1322.7,1325.9,1313.2,345.32,1324
1324.1,1325,1315.3,220.36,1320.8
1323.3,1328.8,1313.8,330.26,1327.1
1326.7,1330.5,1321.7,252.58,1325.6
1324.7,1328.1,1314.9,257.89,1317.8
1316.8,1321.8,1309.5,289.6,1312.3
1312.9,1319.6,1307.4,300.47,1317.8
1316.5,1318.1,1306.6,292.33,1311.9
1310.6,1336.9,1309.5,470.29,1321.5
1332,1335,1324.6,358.56,1327.4
1329,1350.4,1328.9,454.13,1349.9
1347,1356,1343.4,346.05,1355
1353.6,1356.8,1339.6,290.89,1342
1347.3,1348.8,1325,2.83,1326.9
1325.8,1329.2,1322.4,1.3,1324.3
1326.6,1345.5,1326.4,0.89,1343.9
1341.5,1343.2,1329.7,0.7,1334.2
1333,1348.7,1332.9,1.23,1337.1
1333.6,1335.2,1323,0.59,1325.5
1327.9,1335.9,1319.8,0.64,1333.1
1335.1,1338.3,1327.6,0.55,1337.1
1336.9,1342.7,1331.3,0.39,1342.9
1339.6,1365.8,1339.6,1.78,1356.9
1353,1353.3,1333.6,0.9,1338.7
1335.3,1346.3,1333.2,0.8,1344.7
1346.5,1350.2,1339.8,0.32,1347.5
1347.5,1348,1337.4,0.4,1346.3
1345.1,1355.2,1342.2,0.62,1350.2
1348.8,1354,1340,0.43,1345.4
1344.6,1344.7,1333.8,0.31,1334.9
1331.1,1333.6,1320.7,0.42,1320.6
1323.2,1330.7,1321.3,0.54,1329.7
1328.6,1329.9,1317.2,0.62,1319.5
1320.7,1324,1314.6,0.57,1314.6
1318,1326.4,1315.8,241.65,1323.4
1324,1325.9,1310.7,295.96,1319.2
1316,1317.4,1302.3,283.43,1306.8
1304.4,1314.9,1304.3,370.24,1305.6
1305.5,1319,1305.2,306.72,1312.7
1312.8,1316.9,1308.5,308.48,1314.7
1316.3,1320.1,1310.6,235.29,1314.1
1314.1,1318.5,1306.2,407.41,1313.7
1315.3,1317.8,1304.2,384.04,1313
1312.8,1323.4,1310.6,373.54,1322.3
1321.8,1326.3,1317,263.47,1320.7
1318.3,1322.4,1312.8,241.23,1318.2
1313.2,1314.7,1288.2,485.2,1290.3
1290.1,1296.4,1285.7,333.61,1291.5
1290.2,1294,1284,298.82,1289.4
1290,1293.7,1285.1,264.43,1291.3
1290.3,1292.7,1281.2,328.02,1290.9
1292.3,1296,1287.2,291.72,1292
1290.6,1298.4,1286.7,402.34,1289.6
1293.3,1306.4,1292.2,432.42,1304.4
1304,1307.2,1299.4,292.91,1303.7
1299.8,1299.9,1296.1,0,1298.3
1298.4,1299.7,1294.7,0,1297.6
1299,1306.1,1291.4,386.33,1299
1300.7,1306.6,1298.1,1.75,1304.5
1304.2,1309.2,1298.8,1.08,1302.6
1301.3,1301.8,1291.1,0.92,1297.1
1294.9,1299.7,1291.8,0.54,1295.1
1294.2,1302.5,1291.2,0.77,1299.9
1298.6,1303.2,1295.9,0.69,1299.2
1298.6,1305.1,1296.9,0.39,1300.7
1299.4,1302.2,1295,0.45,1300.5
1300.7,1304.6,1296,0.4,1301
1301.5,1301.8,1294.2,0.48,1297.2
1297.2,1302.7,1292.7,0.63,1299.2
1300.4,1310.8,1298.9,0.72,1306.2
1304.2,1304.5,1276,1.53,1276.3
1279,1282.6,1277.6,0.42,1278
1278.6,1284.1,1271.1,0.45,1276.5
1275.2,1276,1267.5,0.47,1272.4
1268.5,1269.9,1261.8,0.75,1268.6
1267.4,1270.5,1266.6,0.51,1268.9
1271,1272.3,1264.6,0.29,1267.2
1266.4,1266.5,1255,0.5,1258
1258.2,1259,1249.5,1.16,1253
1253.6,1255.8,1247.2,241.82,1251
1249.5,1257.1,1246.9,226.2,1254.5
1253.4,1255.6,1240.6,262.87,1241.7
1242.9,1258.5,1238.8,297.34,1253.5
1256.2,1262.4,1255.3,0,1258.1
1253.5,1262.4,1252.2,392.95,1258.8
1258.4,1260.2,1253.7,200.19,1255.8
1255.7,1266.9,1255.7,238.97,1259.6
1258.5,1261,1247.7,272.63,1255.4
1256.7,1257.3,1241.7,299.64,1244.4
1242.3,1248.8,1241.4,220.96,1246.6
1247.7,1248.5,1236.2,257.31,1241.2
1241,1245.8,1238.3,186.3,1239.7
1240.8,1245.1,1225.9,318.22,1227.3
1227,1229.1,1220.9,283.98,1227.9
1227.3,1229.6,1210.7,428.88,1224
1222.9,1232.4,1215.3,355.23,1231.1
1231.7,1235.2,1222.2,333.33,1225.6
1224.4,1229.7,1218.1,299.06,1225.5
1224.2,1234.3,1223.2,272.25,1231.8
1231.7,1235.3,1221.7,285.61,1225.7
1222.4,1226.9,1216.7,254.43,1223
1225.8,1227.1,1221.7,1.69,1224.2
1223.5,1230.6,1215.8,1.1,1226.4
1225.6,1226.5,1217.2,0.89,1220.3
1218.7,1222.6,1208.4,1.62,1212.9
1209.3,1221.1,1205.3,1,1215.9
1215.2,1218.7,1207.5,0.7,1210.6
1209.2,1216.9,1209,1.06,1211.2
1211.5,1216.4,1207,0.63,1214.2
1214.3,1218.2,1212,0.51,1213
1212.9,1217.7,1206.5,0.82,1212.1
1211.6,1214.5,1191.8,1.54,1192.2
1194.5,1199,1192.5,0.79,1194
1194.2,1194.8,1173.2,1.13,1178.2
1175.8,1181.7,1160.4,1.35,1177.1
1173.7,1184.7,1172.1,0.54,1177.3
1183.9,1190.3,1182.9,0.25,1187.8
1190.6,1197,1187.7,0.47,1193.2
1196,1201.1,1193,0.38,1196.4
1196.1,1196.5,1183.5,0.48,1187.2
1185.3,1207.9,1183,0.59,1206.3
1206.3,1211.5,1202.3,0.73,1209.2
1210.9,1213.8,1199.6,1.22,1207.5
1200.9,1205.8,1200.9,0.82,1204.2
1207.7,1209,1197.2,5.16,1200
1201.5,1209.7,1199.1,5.65,1201.6
1206.2,1206.6,1204.5,0,1204.9
1204.9,1209.6,1201.3,0,1206.3
1201.1,1204.5,1190,10.11,1194
1192,1198.9,1191.6,6.88,1196.1
1197,1207.4,1195.7,10.08,1199
1200.3,1203.5,1193.5,8.27,1195.1
1195.4,1198.5,1190.9,6.24,1194.5
1195.4,1199.5,1187.4,6.84,1196.8
1197.7,1208.3,1192.4,5.02,1205.5
1207,1212.4,1200,13.99,1202.8
1201.8,1208.5,1192.9,6.82,1196.2
1194.7,1205,1193,6.1,1201.2
1201.9,1203.5,1196.1,4.13,1198.5
1198.4,1206.4,1198.3,6.8,1203.9
1204.4,1208.5,1201,7.49,1206.6
1207.4,1210.8,1191.8,6.85,1196.6
1199.5,1203.9,1194.1,9.7,1199.6
1198.1,1202.5,1196.6,14.9,1199.7
1200.3,1201.3,1190,17.86,1194.4
1196.8,1200.4,1184.2,0.34,1185.5
1184.6,1194.3,1182.6,0.41,1193.9
1193.9,1193.9,1186.5,0.21,1189.4
1191.3,1209.1,1190.1,0.8,1204.2
1204.4,1209.1,1198.1,0.21,1200.1
1198.3,1207.6,1197.2,0.15,1198.8
1200.7,1205.9,1199,0.2,1202.8
1204.6,1204.6,1184.6,0.32,1185.8
1189.6,1192.5,1184,0.2,1188.8
1189.9,1195.3,1186,0.29,1190.8
1195.3,1227,1192.3,0.98,1225.1
1224.4,1224.4,1217.1,0.3,1219.5
1218.2,1234.3,1218.2,0.34,1227.8
1228,1233.4,1224.5,0.34,1228.4
1226.4,1230,1221.6,0.21,1224.8
1222.8,1230.2,1219.5,0.25,1227.4
1226.7,1231.2,1223.7,0.12,1226
1227.9,1228.5,1220.5,0.12,1222
1223.1,1240.3,1222.7,0.34,1234.1
1230.7,1235.3,1225.9,0.37,1228.4
1233.9,1238.4,1227.9,0.32,1229.5
1229.8,1242.6,1229.8,0.28,1232.4
1232.6,1232.7,1223.6,0.21,1224.7
1231.9,1232.5,1221.4,224.64,1225.3
1224.7,1225,1213.4,247.06,1215
1216.6,1239.3,1216.1,313.45,1238.6
1235.3,1238.4,1231.3,256.02,1233.3
1234.5,1236.8,1228.4,159.43,1232.3
1233.4,1237.8,1224.9,199.67,1226.3
1228.9,1238.4,1224.2,259.29,1228.7
1227.7,1228.5,1220.8,239.02,1225.1
1224.3,1224.6,1207.2,322.35,1208.6
1210.3,1212,1200.6,203.64,1203.5
1201.1,1205.5,1196.6,248.93,1201.4
1202.8,1217.2,1198.1,277.87,1210.1
1211.8,1217,1207.1,253.57,1215
1214.4,1226,1213.7,242.04,1223
1222.6,1226.5,1218.5,198.39,1225.3
1224.6,1229.5,1220.3,255.2,1221.2
1222.4,1230.9,1220.1,227.21,1228
1226.4,1229.7,1225.5,0,1228
1226.8,1229.7,1220.3,240.35,1223.2
1223.9,1228.6,1221.7,267.32,1222.4
1222.6,1225.2,1211.4,307.89,1213.4
1214.3,1227.7,1210.5,247.17,1223.6
1224.2,1232.2,1224.2,1.71,1227.9
1227.5,1228.6,1219.4,0.6,1223.6
1225.4,1237.4,1224.2,0.94,1236.9
1233.4,1244.5,1233.4,1.84,1243.3
1240.8,1241.1,1236.4,1.12,1239.1
1240.6,1246.1,1236.9,1.64,1239.7
1239.1,1251.4,1239.1,1.56,1248.2
1251.4,1251.8,1242.6,1.59,1244.9
1245.7,1250.5,1242.3,0.5,1242.8
1244.9,1247.5,1243.7,0.43,1246.1
1245.5,1247.5,1241.2,0.33,1243.7
1242.3,1243.2,1233.1,0.38,1237.9
1236.3,1248.3,1236.3,0.24,1248.2
1246.3,1250.4,1246.1,0.23,1250.1
1250,1258.2,1241.6,0.6,1252.6
1244.3,1265.7,1242.3,0.77,1263.9
1260.6,1262,1254.2,0.66,1254.6
1258.4,1269.6,1258.2,0.74,1267.9
1272.5,1274.55,1270.65,0,1270.75
1268.5,1278.1,1263.8,0.4,1269
1265.3,1277.5,1265.3,0.48,1277.4
1278,1284.7,1276.5,162.73,1283
1283,1286.5,1279.7,113.26,1281.3
1284.7,1284.75,1282.85,0,1283.35
1285,1291,1280.6,235.33,1284.1
1288.5,1296.9,1286.4,244.54,1294.8
1296.5,1300.4,1278.1,316.06,1285.8
1287,1297,1284.1,204.68,1289.9
1289.9,1291.4,1280.2,221.92,1285.9
1286.1,1295,1280.9,245.97,1292
1294.7,1298,1286.7,239.92,1287.4
1287.6,1295.7,1287,210.64,1289.5
1288,1296.6,1287.7,221.89,1291.3
1292.4,1294.8,1286.5,242.07,1288.4
1289.6,1295.4,1287.6,181.39,1293.8
1293.9,1295,1288.3,191.98,1292.3
1291.9,1292.2,1280.1,225.57,1282.6
1281.3,1282.7,1280.5,0,1282.05
1281.95,1282.95,1276.15,0,1279.05
1280.7,1285,1276,318.85,1283.4
1284.6,1286,1277.7,217.13,1284
1282.3,1283.9,1275.3,225.77,1279.8
1280.1,1303.4,1278.9,303.84,1298.1
1302.3,1303.7,1296.5,243.07,1303.1
1302.5,1310.8,1301.7,213.61,1308.9
1313.4,1326.8,1311.1,2.84,1312.8
1321.8,1328,1319.4,1.43,1322.3
1323.2,1325.1,1317.8,1.16,1319.3
1319.6,1320.2,1310,0.98,1316.6
1313.5,1318.2,1312.2,0.28,1316.5
1316.4,1316.9,1307.4,0.56,1311.7
1308,1313,1304,0.98,1311.6
1311.3,1316.6,1309.4,0.43,1315.9
1315.5,1315.5,1304.6,0.52,1309.2
1307.6,1315.4,1307.6,0.46,1311.3
1311.7,1318.7,1305.5,0.83,1312.4
1307.5,1314.6,1302.7,0.87,1311.3
1312.7,1322.2,1312.2,1.03,1319.1
1324.65,1324.95,1323.85,0,1324.25
1324.35,1330.75,1324.05,0,1329.55
1322,1340.8,1320.9,1.63,1340.8
1339.5,1345.7,1335.8,1.34,1344.1
1338.3,1339.7,1320.8,1.39,1324.6
1323.4,1332.2,1321.4,0.59,1329.7
1327,1331.6,1324.3,0.67,1326.5
1326.6,1329.1,1322.9,0.94,1325.3
1331,1332,1318.4,198.04,1321.2
1321.7,1328.9,1314,252.24,1316.1
1315.5,1316.5,1291.3,343.47,1299.2
1294.4,1298.1,1283.8,268.39,1287.5
1287.8,1290.6,1282,216.93,1284.7
1288.8,1291.8,1284.3,192.93,1287.6
1287.3,1289.6,1280.8,257.92,1286.1
1286.7,1301.3,1285.6,283.84,1299.3
1298.2,1299.2,1290.6,196.86,1291.1
1293.6,1302.6,1292,203.89,1298.1
1301.8,1311.6,1300.6,214.24,1309.3
1309.5,1310.3,1292.5,248.21,1295.1
1295.6,1306.3,1293.7,234.65,1302.9
1302,1306.7,1298,176.49,1301.5
1303.7,1310.8,1302.1,206.9,1306.5
1306,1317.2,1298.1,370.4,1301.7
1312.7,1320.2,1302.8,332.61,1307.3
1309.3,1314.7,1306.5,271.38,1312.3
1313.3,1324.5,1310.6,251.98,1322.6
1321.5,1323,1312.1,267.17,1315
1315.4,1318.8,1307.3,206.26,1310.4
1312.6,1314.2,1290.5,3.66,1292.5
1292.2,1301.5,1288.6,1.31,1295.6
1294.3,1298.3,1288.3,1.55,1291.2
1288.7,1293.8,1286.8,0.93,1292.5
1293.6,1296,1290,1.02,1292.3
1291.5,1295.7,1282,1.14,1291.4
1293.7,1294.5,1285.6,0.44,1292.6
1294.4,1304.4,1292.7,0.94,1298.8
1298.7,1307,1297.5,0.59,1305.1
1305,1311,1301.7,0.79,1310.3
1308.5,1309.1,1290.4,1.51,1290.5
1293.3,1296.3,1290.5,0.35,1292.2
1291.2,1292.1,1283,0.43,1288.5
1288.7,1288.7,1273,1.54,1274.2
1276.3,1279.2,1272.5,0.46,1273.8
1273.5,1276.6,1270.4,0.57,1273.1
1277.9,1277.9,1277.9,0,1277.9
1275.3,1278.6,1272.9,0.13,1274.7
1274.4,1275,1265.9,0.73,1270.6
1271.5,1276.5,1267.9,0.34,1276.6
1273.6,1281.2,1272.7,0.98,1276.4
1277,1287.2,1276.2,0.8,1285.5
1289,1289.1,1279.9,208.96,1281.5
1281.9,1288.2,1281.5,239.44,1285.7
1285.2,1289.4,1274.5,275.43,1284.2
1278.5,1279.4,1267.3,282.5,1272
1271.6,1283.9,1269,280.32,1281.3
1281.8,1287.4,1278.1,244.34,1283.8
1282.4,1287.3,1279.1,251.09,1285.6
1285.6,1292.8,1280.2,302.69,1281.4
1281.9,1289.2,1280.4,306.55,1285.2
1285,1290.3,1283.9,238.64,1287.4
1288.3,1302.2,1282.4,379.44,1301.8
1300.8,1304.2,1294.3,222.05,1296.3
1298,1301.7,1293.6,247.52,1297.8
1297.7,1299.3,1284.2,282.07,1286.2
1287.2,1289,1274.6,264.57,1275.7
1277.6,1278.8,1273.3,212.18,1277.3
1277.7,1277.7,1269,213.17,1273.2
1274.4,1277.1,1272,191.37,1274.2
1273.3,1287.1,1272.1,330.16,1285.4
1283.2,1284.7,1280.1,218.71,1283.6
1284.2,1285.15,1283.65,0,1284.15
1284.25,1286.85,1283.25,0,1284.95
1283.5,1286.9,1275.1,362.16,1277.1
1278.9,1285.2,1278.4,189.69,1281
1282.1,1291,1276.7,1.19,1289.9
1290.3,1308.5,1289.7,1.98,1308
1308,1329.7,1308,1.04,1324.9
1327,1330.8,1322.2,0.82,1325.7
1327.3,1345.6,1326.9,0.91,1330.6
1332.3,1341.2,1328.8,0.51,1339.8
1337.1,1349.5,1332.6,0.79,1343.3
1336.8,1337.5,1326.1,0.47,1326.3
1328.9,1330.4,1320.8,0.38,1328.3
1327.5,1338.8,1326.8,0.61,1333.9
1334.9,1344,1333.3,0.62,1340.8
1343.4,1359,1338.7,1.5,1341.7
1342.5,1343.9,1333.9,0.56,1340
1340.9,1354.8,1339.6,0.9,1347.8
1347.8,1363,1342,0.65,1345.8
1361.2,1393.9,1358.8,1.1,1394.1
1389.9,1412,1383.4,0.98,1397.3
1401.1,1421.4,1401.1,0.98,1415.2
1419.9,1438.2,1412.5,0.94,1415.8
1421.8,1421.8,1380,1.33,1411.5
1412.7,1415.3,1401.4,336.36,1412
1413.3,1427.8,1408.6,306.62,1413.7
1401.8,1401.9,1384.7,389.76,1389.3
1386.2,1424,1386.2,383.25,1408
1424.7,1441,1414.7,419.61,1420.9
1421.25,1426.65,1412.85,0,1423.55
1421.6,1426.8,1388.6,577.38,1400.1
1401,1409.9,1393.8,318.69,1400
1397.9,1402.4,1387.5,287.18,1400.5
1400,1421.1,1391.8,443.5,1412.5
1421.1,1429.4,1402.7,400.09,1406.7
1406.2,1418.9,1404.5,284.97,1412.2
1417.7,1421.6,1409.3,243.38,1413.5
1416.4,1420,1402.1,334.82,1411.2
1407.9,1428.4,1401.3,358.17,1423.3
1428.5,1449.7,1415.6,481.33,1428.1
1448.3,1454.4,1421.1,530.02,1426.7
1428.5,1430.8,1423,255.35,1426.9
1426,1431.4,1414.6,386.68,1421.7
1418.6,1430,1416.7,318.16,1423.6
1426.8,1434.1,1411.1,489.39,1414.7
1414.9,1424.8,1412.9,306.02,1419.3
1419,1428,1414.4,224.27,1420.4
1430.7,1437.5,1426.3,3.55,1433.4
1435,1439,1413.8,4.03,1429.1
1413,1450,1403.8,5.69,1424.2
1449.7,1451.5,1434.4,4.02,1448.7
1444.9,1473.2,1440.1,4.77,1467.7
1472.1,1477.9,1459.3,3.8,1475.2
1476.9,1512.4,1475.7,7.32,1509.6
1502.3,1511.1,1491.9,2.49,1499.7
1509.2,1509.8,1496.2,2.78,1498.6
1499.1,1519.3,1488.8,3.57,1507.7
1512.3,1536,1480,6.27,1504.3
1502.8,1525.4,1495,3.03,1518.5
1519.4,1527.6,1509.5,2.35,1521.7
1524.3,1528.3,1504.8,1.25,1514.1
1513,1513.5,1493.9,1.62,1502.1
1497.6,1509,1494.9,1.6,1506.3
1506,1508.1,1497.1,2.1,1506.1
1502.5,1504.5,1492.6,2.13,1498.7
1498.2,1530.2,1493.4,2.73,1527.9
1535.4,1555,1525.4,2.35,1527.2
1526.9,1543.9,1526,1.89,1541.4
1540.9,1546,1531.7,2.76,1538.8
1542.2,1553.4,1522.3,16.57,1530.5
1530.6,1535.7,1519.3,6.28,1523
1535.25,1542.9,1535.25,0,1538.05
1537.95,1540.05,1528.15,0,1535.15
1526,1552.5,1521.7,8.48,1549.6
1549.8,1559.8,1536.5,8.15,1554
1555,1555.5,1508.2,13.9,1519
1520.6,1529.6,1504.5,12.64,1509
1509.2,1517.1,1499.1,7.33,1504.5
1500.2,1502.5,1485.7,6.18,1492.7
1486.8,1499.6,1486.8,4.59,1496.6
1499.1,1525.4,1490.5,6.91,1500.8
1499.8,1509.8,1486.7,6.27,1492.9
1500.3,1512.8,1496.9,5.61,1504.8
1499.4,1508.4,1494.6,10.85,1506.9
1502.6,1512.2,1484,8.29,1509.1
1494.4,1505.1,1489.8,4.86,1499.5
1499.5,1517.4,1498.7,7.38,1508
1515.2,1526.7,1511,7.98,1524
1522.8,1535.6,1515.5,8.57,1532.6
1530.9,1534.9,1499.8,15.73,1505.1
1503.7,1512,1500,8.18,1507.9
1508.3,1510.1,1489.8,1.03,1502.7
1497.6,1503.2,1467,1.54,1469.2
1475,1489.3,1461.5,1.18,1485.2
1482.9,1507,1477.7,0.8,1504.1
1502.1,1521,1498.3,0.62,1510.1
1509,1516.5,1498.1,0.57,1509.2
1514.1,1515.1,1492,0.29,1500.7
1495,1511,1488.4,1.3,1500.1
1509.5,1512.5,1501.5,0.29,1508.9
1512.5,1517.8,1492,0.97,1497
1495.8,1503.8,1474.7,1.43,1484.7
1488,1496.8,1483.3,0.98,1493.8
1493.1,1498,1477.7,0.78,1479.7
1480.5,1491.2,1477.1,0.54,1490.2
1490.1,1496.1,1484.3,1.6,1494.2
1492.5,1492.9,1484.8,0.78,1490
1490.7,1494.7,1481.6,1.24,1484.2
1483.7,1488.2,1480,0.79,1483.6
1487.3,1495.1,1486.7,0.57,1491.8
1490.4,1502.4,1486.7,1.01,1501
1502.1,1517,1499.7,0.44,1501.7
1503.6,1506.3,1489.1,0.36,1492.4
1491.5,1492.9,1482.7,0.43,1487.4
1490.5,1499.3,1483.1,353.64,1496.7
1498.8,1516.7,1496,390.01,1514.8
1515.1,1519,1505.4,380.99,1511.4
1516.4,1517.1,1506.5,260.2,1511.1
1511.6,1511.9,1480.7,593.62,1483.7
1484.3,1495.9,1483.8,313.72,1493.1
1492.1,1493.6,1461.4,674.98,1466.4
1469,1473.9,1457,447.07,1462.9
1460,1467.4,1448.9,310.16,1457.1
1455.9,1461.3,1446.2,429.61,1453.7
1456.5,1467.9,1456.4,352.33,1463.3
1464,1475.5,1461.7,317.4,1473.4
1471.9,1472.1,1462.8,251.21,1468.5
1467.8,1474.4,1456.6,331.24,1471.9
1471.9,1475.8,1465.1,307.86,1474.3
1472.7,1479.2,1466.1,369.97,1474.2
1475.1,1475.9,1462.4,388.34,1463.6
1464.3,1473.4,1461.2,320.5,1463.6
1461,1462,1453.9,298.71,1456.9
1455.1,1462.9,1449.6,346.36,1460.3
1465.6,1465.6,1457,4.34,1457.9
1463.25,1464.55,1460.75,0,1462.25
1459.3,1470.1,1456.9,1.63,1470
1467.3,1468.5,1457.4,1.4,1466.4
1465.5,1484.7,1462.8,1.4,1481.6
1480.4,1487,1474,0.88,1477.5
1477.6,1482.7,1475.9,0.64,1480.3
1478.2,1481.5,1461,0.68,1462.5
1461.1,1467.3,1460.7,2.25,1462.8
1463.9,1470.7,1462.4,0.64,1465.9
1466.2,1481,1465,0.6,1472.7
1476.5,1488.9,1465.8,1.15,1469.8
1469.5,1479.7,1463.3,0.82,1478.6
1477.1,1481.3,1475.4,0.46,1477.9
1477.6,1481.5,1475.9,2.75,1477
1476.7,1480,1470.5,0.78,1474.7
1475.7,1481.2,1472.6,1.69,1480.2
1478.8,1480.4,1475.8,0.3,1477
1477.8,1485.4,1477.5,3.42,1484.3
1485,1500.8,1483.9,0.5,1500.6
1504.4,1504.4,1502.15,0,1504.05
1498.7,1513.6,1498.2,1.01,1510.7
1512,1515.6,1508.8,0.84,1514.3
1515.9,1519.1,1513.5,178.72,1518.6
1517.7,1529,1517.5,220.85,1523.1
1520.85,1523.95,1520.85,0,1520.95
1521,1534,1519.7,270.55,1528.1
1531.7,1556.6,1530.4,436.74,1552.4
1562.7,1590.9,1562.3,558.97,1568.8
1567.4,1579.2,1557,435.87,1574.3
1578.8,1613.3,1553.4,813.41,1560.2
1557.7,1562.4,1541,372.88,1554.3
1553.4,1564.1,1546.7,344.34,1560.1
1563,1563.1,1547,311.73,1550.6
1548.6,1549.5,1536.4,340.91,1544.6
1546.8,1558.8,1546.5,310.07,1554
1556.6,1558.2,1548,260.05,1550.5
1553,1561.4,1549.3,264.93,1560.3
1557.4,1559.05,1556.45,0,1557.05
1557.2,1562.7,1556.65,0,1561.25
1557.3,1568.8,1546,462.62,1557.9
1558.9,1559.8,1550,286.08,1556.7
1558.9,1567.5,1551.3,361.03,1565.4
1562.9,1575.5,1555.8,427.14,1571.9
1580.5,1588.4,1575.3,398.06,1577.4
1580.6,1582.2,1564.6,378.01,1569.8
1566.3,1577.7,1562,251.27,1570.4
1578.7,1587.8,1574.2,4.08,1586.5
1575.6,1592.3,1572,2.47,1584.9
1594.6,1595.1,1570.5,1.6,1579.5
1579.5,1580.7,1550,1.88,1552.7
1553.2,1563.2,1548.4,1.52,1560.1
1556.8,1568.9,1553.5,1.48,1567.2
1567.6,1574.6,1560.7,1.01,1570.6
1573,1577.3,1569.1,0.46,1576.6
1573,1574.5,1562.6,0.86,1567.2
1567.9,1570.3,1561.6,0.83,1568.8
1566.8,1578.8,1566.6,1.3,1576.3
1577.5,1585.3,1573.6,0.69,1583.8
1585.5,1586.25,1583.45,0,1586.25
1586.15,1588.45,1581.85,0,1587.05
1581.2,1605.3,1579.2,2.68,1601
1601.8,1612.9,1600,2.21,1608.8
1610.9,1622.8,1603.8,2.79,1617.4
1620.4,1648.1,1618.6,2.32,1645.1
1651,1687.3,1651,2.81,1673.5
1662,1662.3,1625,2.65,1647
1636.4,1652.4,1624.4,1.99,1640.4
1643,1662.5,1636.7,573.29,1642.5
1646.1,1651,1564,745.84,1566.7
1592.8,1612.1,1576.3,443.53,1594.8
1586,1650.5,1585.9,466.53,1644.4
1640.1,1654.3,1632.6,313.34,1643
1638.2,1675.5,1635.6,363,1668
1673.1,1692.8,1642.4,659.63,1672.4
1692.6,1704.3,1658,504.16,1675.7
1679.6,1681.3,1641.1,385.48,1660.3
1649.3,1671.8,1632.4,404.35,1642.3
1633.1,1651,1560.4,605.72,1590.3
1582.7,1597.9,1504,551.05,1516.7
1563.8,1574.8,1450.9,565.98,1486.5
1512.8,1554.3,1465.6,434.51,1525.8
1527.6,1547,1473.3,435.19,1477.9
1487.2,1502.8,1460.1,325.29,1479.3
1471.6,1519.4,1457.5,269.97,1484.6
1505,1569.3,1484.6,362.07,1567.6
1563.8,1698,1560.5,418.78,1660.8
1666.2,1699.3,1615.2,254.19,1633.4
1642.5,1672.5,1611,215.97,1651.2
1640.4,1647.2,1611.4,100.64,1625
1653.7,1667.4,1623.4,3.08,1637.1
1634.6,1634.6,1582.8,0.97,1589.3
1581.7,1605,1574.8,0.35,1584.1
1599,1635.8,1590.5,0.44,1630.7
1629.7,1642,1616.5,0.51,1637.6
1639.7,1705.5,1628.1,1.47,1684
1694.8,1731.8,1662,2.14,1672.6
1669.8,1685,1660.8,1.29,1674.1
1669.2,1739.7,1666.5,1.88,1739.9
1740.6,1740.6,1740.6,0,1740.6
1729.5,1760.6,1711.8,1.61,1749.8
1752.7,1778.2,1737.7,1.16,1759.1
1746.6,1747.7,1722.4,1.08,1729.6
1732.2,1756.4,1718,1.02,1722.7
1722.9,1725.7,1683.5,1.83,1690.8
1685,1710,1677.6,0.62,1703.4
1703.6,1709.9,1659.2,1.66,1678.3
1698.6,1730.4,1690.1,1.65,1727.4
1725.6,1750,1721.2,1.7,1733.4
1733.7,1746.6,1715,0.9,1724.2
1734.3,1734.3,1708.3,0.74,1712.6
1713.5,1720.7,1694.9,1.26,1710.6
1724.8,1733.5,1708.2,159.6,1713.4
1729.6,1737,1687.5,234.53,1694.2
1693.5,1714.4,1676,168.02,1700.9
1711.2,1726,1700.3,148.73,1713.3
1711,1717.8,1695.4,184.73,1710.6
1714.1,1716.6,1683,203.37,1688.5
1686,1733.2,1683.9,250.7,1725.8
1727.2,1735.5,1703.1,232.81,1713.9
1706,1713.8,1692.1,202.17,1698
1700,1716.7,1693.5,198.07,1706.8
1705,1726.5,1701.6,211.61,1716.4
1723.1,1746.5,1716,212.91,1740.9
1738.5,1761.2,1736.8,200.18,1756.3
1757.5,1775.8,1729.3,271.47,1734.4
1734.8,1751.6,1727.2,185.26,1745.6
1749.2,1757.6,1744,184.46,1752.1
1751.7,1751.7,1715.3,238.74,1721.9
1726,1742,1722.5,196.82,1735.5
1735.45,1735.9,1729.8,0,1730.65
1730.55,1731.35,1719.25,0,1727
1730.2,1737.2,1700,313.17,1705.6
1703.1,1713.2,1684.2,137.42,1710.7
1718.7,1734.5,1714,1.56,1719.8
1724.9,1745,1718.6,1.19,1742.9
1743,1752.7,1730.5,0.71,1743.3
1743.5,1750,1724.1,0.69,1728.9
1729.7,1729.8,1686.9,1.72,1701
1699.6,1722.6,1695.5,1.1,1721.8
1715,1717.2,1669.1,1.1,1678.5
1682,1702.6,1675.8,0.75,1699.9
1699.2,1724.1,1694.4,0.62,1717
1715.1,1743.6,1709,1.15,1715.5
1741.2,1749.4,1722.6,0.76,1734.7
1729.7,1746.9,1724.1,0.59,1732
1733.2,1736.2,1701,0.65,1721.8
1729,1735.5,1718.9,0.37,1731.5
1730.6,1733.8,1714.4,0.36,1730.3
1730.7,1742.1,1717.6,0.26,1726
1726.3,1753.5,1726.3,1.87,1747.1
1755.5,1771,1747.4,1.91,1758.4
1759.3,1777.6,1751.7,1.03,1774.1
1777.3,1786.3,1765,1.71,1768.1
1760.7,1771.7,1760.4,0.48,1763.1
1768.2,1778.5,1748.4,0.64,1773.3
1789.2,1790.4,1776.5,130.51,1781.2
1784.2,1804,1774.8,199.42,1800.5
1798.9,1807.7,1767.9,263.25,1779.9
1779,1791.7,1766.3,186.31,1790
1786.9,1788.7,1783.65,0,1787.6
1787.9,1799,1779.2,184.65,1793.5
1793.9,1810.8,1781.2,221.73,1809.9
1807.9,1829.8,1803.8,247.5,1820.6
1818.8,1825.5,1799.6,283.37,1803.8
1808.4,1817,1796.5,223.83,1801.9
1803.4,1818.8,1802.1,230.4,1814.1
1805.2,1815,1791.1,253.21,1813.4
1811.1,1819.5,1804,183.06,1813.8
1813.1,1816.2,1794.1,196.57,1800.3
1796.9,1813.9,1795.2,167.01,1810
1812.3,1823.4,1806.6,177.74,1817.4
1819.6,1844.9,1817.2,271.09,1843.9
1842.8,1871.8,1842.1,382.23,1865.1
1871.6,1897.7,1863.1,418.75,1890
1884.9,1904.6,1880.5,300.17,1897.5
1901.2,1941.9,1899,428.23,1931
1937.1,1974.7,1900.2,434.45,1944.6
1950.6,1974.9,1935.2,209.84,1953.4
1970.8,1971.1,1936.4,5.71,1949.5
1957,1985.7,1954.3,5.17,1968
1979.7,1992.1,1958.5,2.82,1969.5
1976.6,2020.5,1968.1,3.91,2004.2
2020.2,2053.5,2011.2,4.75,2032.9
2036.9,2065.1,2033.6,2.61,2054.6
2062.4,2074,2011,4.37,2014.3
2032,2047.3,2015.7,2.55,2027.3
2024.2,2027,1900.9,6.16,1935.7
1910.2,1948.7,1863.7,4.16,1937.5
1918.6,1963.5,1911.7,2.5,1959.3
1952.1,1958.3,1930.2,1.26,1938.8
1945.2,1988.6,1930.8,1.77,1987.1
1981.6,2013,1973.6,1.7,2001.6
2001.5,2003,1920.8,2.83,1960.5
1924.6,1951.5,1920,2.07,1935.4
1945.8,1950.4,1908.2,1.73,1936
1937.2,1959.2,1920.1,1.41,1928.6
1925.4,1932.9,1909.4,1.66,1912.5
1927.6,1952.6,1899.1,3.29,1941.7
1950.9,1973.8,1907.7,2.3,1922.3
1930.1,1974.9,1921.2,11.76,1966.8
1966.7,1977.7,1955,7.16,1970.5
1965.9,1992.5,1961.2,10.95,1970.8
1967.9,1972.4,1931.5,10.84,1936.9
1941.8,1948.4,1919.7,8.94,1930.2
1931.9,1948.8,1914.6,10.62,1926.2
1941.9,1944.3,1937.65,0,1940.65
1940.7,1947.4,1930.45,0,1937.1
1930,1940.2,1904.6,15.62,1935.1
1932,1951.4,1918.8,8.35,1946.8
1947.5,1966.6,1940.4,11.35,1956
1945,1954.6,1936.2,8.09,1939.5
1940.3,1963.6,1937,6.7,1954.7
1957.6,1973.8,1947.7,18.1,1958
1954.3,1975.4,1949.1,11.67,1962
1959.6,1960.5,1930.2,12.1,1941.3
1944,1959.1,1942.9,6.45,1953.2
1948.3,1954.1,1878.5,18.21,1902.1
1909.1,1916.8,1890.7,11.15,1899.3
1895,1901.6,1848,18.93,1860.5
1859.4,1872.8,1843,19.91,1868.9
1866.2,1870.6,1846,10.59,1857.8
1855.6,1878.4,1843.2,10.46,1872.8
1881.2,1899.9,1877.6,0.53,1939.2
1898.9,1903.6,1882.1,0.55,1931.7
1888,1913.9,1886,0.75,1952.2
1907,1919,1893,0.81,1943.4
1906.7,1920,1887.7,0.66,1956
1913.7,1922,1875.1,1.05,1945.3
1879.9,1897.4,1873.2,0.44,1928.5
1886.8,1900.4,1881.7,0.7,1934.5
1894.8,1932,1894.8,0.97,1965
1930.9,1933.3,1920,0.44,1967.7
1923.7,1925.1,1885.9,0.8,1933.5
1891.3,1912.8,1880.9,0.41,1947
1902,1909.2,1889,0.49,1947.8
1908.4,1913.4,1897.8,0.27,1945.4
1899.6,1919,1896.9,0.51,1950.2
1902.2,1913.6,1893.6,0.37,1953.5
1909,1932,1908.5,0.89,1967.5
1924,1925.4,1891.9,1.13,1943.1
1904.3,1913.7,1893,0.39,1944.1
1902.1,1908,1890.8,0.28,1946
1901.3,1910.8,1898.4,0.33,1952
1908,1909.8,1867.9,0.28,1918.9
1917.9,1917.9,1917.9,0,1906.9
1867.9,1890.9,1863.3,213.17,1918.3
1877,1897.1,1873.3,164.94,1931.1
1896.4,1912.2,1887.6,171.37,1948.6
1910.3,1917.9,1881.8,293.95,1935.1
1903.4,1954.3,1902.2,297.51,1986.4
1950,1961.8,1937.2,246.78,1992.2
1956,1966.1,1848,496.09,1894
1864.1,1888.9,1858.9,264.87,1916.5
1876.1,1882.5,1853.9,215.17,1900.2
1863.9,1883,1860.7,209.93,1912.8
1875.6,1895.8,1872.1,162.54,1925.9
1886.6,1898,1861.5,222.94,1924.8
1888.2,1892.7,1876.3,160.88,1920.9
1879.5,1884.2,1860.3,209,1907.1
1872,1872.6,1850,222.35,1895.3
1864.8,1879.2,1859.1,186.17,1906.3
1869.8,1875,1828,319.66,1872.7
1835.7,1836.9,1797.1,367.88,1839
1805.2,1816.3,1798.6,205.75,1837.5
1806.25,1816.8,1804.2,0,1807
1822.6,1823.2,1822.6,0,1814.8
1787.4,1789.9,1764.9,1.61,1807.2
1777.5,1818.3,1776.4,1.66,1844.6
1814.6,1833,1808.1,1.75,1854.6
1830.5,1844,1824,1.37,1865.1
1842.3,1850.1,1830.2,1.25,1865.6
1838.4,1870.2,1823,1.17,1891.3
1864.1,1877,1861.7,0.89,1899.8
1872,1872,1826.8,1.05,1861.7
1840.3,1851.2,1831.3,0.74,1860.9
1838.3,1849.4,1827.7,0.53,1867.1
1838.7,1839.8,1821.1,0.61,1856.3
1827.9,1856.1,1827.7,0.74,1879.3
1853.5,1867.1,1846.2,0.58,1882.1
1866.7,1898.3,1864.1,1.32,1913.1
1887.1,1892.7,1879.9,0.59,1911.8
1890.3,1908.5,1857.2,0,1906
1883.7,1885.4,1861.6,0.56,1894.2
1862.2,1880.1,1859.8,0.5,1901.1
1874.1,1882.1,1871.1,0.2,1906.9
1924.8,1924.8,1924.8,0,1904.5
1880,1886.3,1874.4,0.34,1907.6
1881.8,1899,1879.5,133.66,1918.9
1899,1904.9,1889.1,130.63,1921.1
1901.6,1901.6,1901.6,0,1901.6
1908.2,1948.7,1906.1,273.37,1973.8
1974.4,1974.4,1974.4,0,1982
1952.8,1962.5,1902.6,366.61,1936.3
1921.5,1929.6,1907.5,199.98,1939.9
1915.2,1918.4,1827.8,443.51,1861.3
1849.4,1856,1817.1,268.36,1876.7
1845.4,1864,1835.8,240.66,1869.5
1855,1863,1841.6,225.99,1879.8
1845.6,1857.6,1826.6,257.66,1876.3
1847.3,1856.6,1822.1,231.11,1853.5
1826.8,1829.1,1803.6,0,1809.75
1809.65,1839.45,1809.65,0,1836.6
1828.8,1845,1800.8,331.59,1862
1839.9,1872,1831.1,274.4,1887.5
1871,1874.6,1857.5,196.94,1886.5
1870.1,1870.8,1836.3,249.72,1874.6
1855.3,1867.4,1846.2,211.98,1874
1854.9,1860.8,1847.2,170.26,1870
1849.7,1851.5,1828.4,195.54,1864
1844.9,1865,1834.1,2.14,1855.8
1843.6,1877.2,1839.9,2.23,1864
1863.6,1874,1850.5,2.03,1876
1861.7,1863.6,1829.2,1.66,1847.6
1837.6,1844.5,1829.4,0.81,1851.1
1833.5,1834,1783.6,1.99,1806.9
1793.7,1814.3,1791.5,1.38,1829
1816.6,1838.7,1806.6,1.22,1848.4
1831.1,1848.1,1829.6,0.79,1852.3
1838.5,1855,1832.7,1.38,1857.5
1821.1,1846,1820.9,0.92,1841.7
1824.5,1830,1810,1.6,1837.6
1822.45,1826.3,1820.15,0,1821.05
1820.9,1827,1815.6,0,1818.75
1830.2,1832.5,1830.2,0,1813.6
1789.2,1792.6,1767.7,1.02,1787.2
1776.2,1787.6,1765.9,0.62,1789
1772.7,1789,1759.4,1.79,1791.3
1785,1809.9,1779.5,1.73,1821.4
1809.4,1813,1795,1.02,1818.9
1805,1810.7,1782,1.5,1811.4
1804.9,1805,1763.9,316.25,1791.3
1750.2,1750.2,1750.2,0,1745.9
1732.8,1757.4,1717.2,241.92,1739.6
1722.8,1737.8,1704.6,235.96,1750.3
1736.5,1739.1,1699.4,255.65,1732.6
1708.4,1721.6,1687.6,277.45,1717.7
1695.3,1705.7,1683,269.33,1716.3
1701.6,1712,1673.3,273.91,1694.9
1679.3,1718.7,1676.7,248.95,1733.3
1714.5,1725.3,1705.6,226.89,1737.3
1725,1738,1716.8,215.34,1737.3
1720.5,1728,1696.6,232.21,1733.2
1726.5,1733.2,1719.2,163.05,1742.9
1730.7,1740.5,1724.4,173.89,1744.5
1730,1750.6,1722,220.55,1740.3
1744,1754.2,1716.6,251.76,1746.2
1733.7,1746.1,1727.1,213.28,1755.4
1745.6,1747,1726.4,196.31,1752.2
1738.5,1742,1722.7,226.2,1739.3
1725.9,1737.7,1722.3,186.52,1747
1733.2,1744.8,1720.3,226.21,1738.9
1738.8,1738.8,1738.8,0,1746
1731.5,1732.6,1703.3,135.46,1726.2
1711.9,1712.8,1677.8,1.9,1697.7
1684.1,1714.9,1676.8,1.16,1727.3
1707.9,1730.4,1705.7,1.32,1739.8
1726.6,1733.2,1720.9,0.43,1740.7
1727.3,1745,1727.3,0.79,1754.6
1749.1,1750.4,1745.7,0.01,1753.1
1737.5,1758.3,1733.6,0.69,1770.2
1755.3,1757.1,1731,0.64,1756.8
1742.4,1743.2,1726.1,0.33,1744.9
1732,1748.4,1722.5,0.6,1759.9
1745,1749,1731.6,0.63,1748.9
1735.3,1768.6,1733.7,0.58,1779.6
1764.2,1783.5,1759.7,0.45,1792.8
1777.2,1789.4,1766.2,0.7,1783.4
1769.5,1779.2,1763,0,1791.2
1777.4,1797.7,1776,0,1806.2
1794.5,1797.2,1776.8,0.29,1794.9
1784,1795.2,1771.5,0.37,1790.3
1775,1782.5,1768.2,0.75,1792.8
1780.3,1784.3,1773.9,0.27,1791.6
1775.5,1780,1762.5,0.76,1786.7
1793.4,1802.1,1776.6,0,1780.7
1772.4,1773.3,1763.3,167.29,1780.2
1768.1,1798.9,1765.6,204.54,1804.3
1793.2,1799.5,1769.2,246.59,1789.3
1778.4,1788.1,1769.3,178.81,1797.6
1825,1825,1825,0,1828.6
1815.4,1844.6,1813.4,367.7,1844.3
1835.4,1846.3,1830.5,0,1850.7
1836.2,1842.5,1817.8,311.1,1849.1
1829,1829,1829,0,1835.8
1816.2,1829.1,1808.4,249.93,1837.3
1826.4,1847.1,1819,224.38,1851.6
1845.9,1869.3,1841.1,267.71,1880
1867.3,1875.9,1863.5,229.02,1880.5
1888,1888,1888,0,1893.9
1891,1891,1886.4,0.01,1894.2
1878.1,1890.3,1870.3,0,1889.2
1883.5,1887.9,1875.7,0,1897.5
1881.2,1901.2,1873.2,0.01,1911.6
1914.4,1914.4,1914.4,0,1915
1908.3,1908.3,1908.3,0,1910.6
1904.5,1904.5,1904.5,0.02,1916.8
1907.6,1907.9,1906.1,0,1906.75
1906.8,1913.4,1904.85,0,1911.15
1905.9,1917.4,1893.2,2.09,1916.7
1921.5,1921.5,1921.5,0,1921.3
1895,1895,1895,0.01,1884.7
1872.1,1897.3,1855,0.02,1903.2
1893.3,1901.4,1882.5,0.64,1909.8
1898.5,1898.5,1898.5,0,1905.5
1893,1900.4,1888,0.69,1906.4
1890.2,1901,1871.3,0.98,1907.3
1906.1,1906.1,1887,0.03,1890.1
1874,1874,1874,0.07,1876.4
1866.8,1868.8,1852.1,0.36,1867
1849.4,1849.4,1848,0,1871.9
1818.1,1818.1,1785.1,0,1785.3
1802.8,1802.8,1802.8,0.19,1780
1763.8,1785.4,1763.8,0,1793.8
1794.2,1794.2,1787.1,0.01,1788.3
1795.2,1795.9,1795.2,0.01,1794.5
1778,1787.2,1772.5,0.49,1787.9
1792.3,1792.3,1792.3,0,1788.9
1780.3,1783.5,1770,0.01,1791.5
1778.8,1779.2,1750.1,239.91,1774.3
1783.1,1783.1,1783.1,0.01,1782.5
1785.2,1785.2,1785.2,0.01,1787.7
1794.7,1798,1794.7,0,1794.2
1788,1788,1785.8,0,1786.4
1786.5,1794.65,1784.75,0,1791.3
1800.2,1821,1800.2,0.01,1805
1797,1810.2,1794.1,171.08,1813
1825.4,1825.4,1825.4,0,1811.1
1803.2,1813,1796.6,0.03,1821.8
1820.4,1820.4,1820.2,0,1817.2
1822.4,1822.4,1818.6,0.1,1821.6
1808.3,1831.1,1804.9,0,1836.7
1840.6,1840.6,1840.6,0,1840.5
1824.7,1827.7,1824.7,0,1826.4
1814.6,1814.6,1814.6,0,1820.2
1821.6,1821.6,1821.4,0,1822.1
1810.6,1814.4,1794.3,218.64,1814.3
1817.4,1817.4,1817.4,0,1816.4
1807.7,1810.7,1789.1,0.01,1812.7
1810.9,1810.9,1809.3,0.01,1810.1
1797.1,1805.4,1792.8,0,1810.5
1814.4,1814.4,1808.9,0.05,1811.3
1834.9,1843,1834.9,0.07,1842.4
1840.7,1840.7,1830.9,0.21,1823.8
1825.4,1825.4,1825.4,0.13,1829.1
1813.1,1814,1806.5,0.13,1821.3
1820.7,1833.4,1820.3,0.21,1821.6
1811.4,1814.3,1796.7,0.07,1816.3
1805,1805,1773.9,0.01,1770.8
1710.2,1751.2,1710.2,0.32,1734.4
1739.1,1739.1,1739.1,0.24,1739.3
1727.4,1754,1723.1,0.95,1761.2
1757.2,1757.2,1757.2,0,1759.7
1777.5,1786.3,1777.5,0.02,1786.1
1794.9,1794.9,1794.5,0.01,1797.8
1795.3,1804.6,1794.3,0.24,1795.2
1785.7,1793,1776.5,0.01,1791.9
1792.5,1796.2,1792.5,0.07,1790.4
1788,1794.9,1787.9,0.31,1791
1813.8,1813.8,1813.8,0.02,1813.4
1813.5,1815.6,1810,0.4,1815.2
1802.1,1802.1,1782.5,0.02,1797.8
1790,1790,1790,0.04,1802.2
1819.3,1819.3,1819.3,0,1826.5
1819,1823.6,1807.8,0.04,1819.2
1810,1819.5,1801.3,5.15,1825.1
1826,1826,1826,0.11,1822.7
1814.2,1817.1,1804.6,0,1818
1821.5,1824.1,1820.7,0.02,1840.1
1832.2,1832.5,1829.65,0,1830.05
1829.95,1830.65,1823.65,0,1825.65
1820.9,1820.9,1805.2,0.33,1805.1
1806,1808.6,1799,0.04,1800.2
1807.4,1807.4,1799.5,0.01,1806.8
1806,1808.5,1798,0.01,1798.9
1796.8,1806,1796.8,0.03,1801.4
1799.5,1808.8,1799.3,0.02,1813.9
1803.5,1805.5,1799,0.1,1801.5
1800.5,1803.5,1756,0.19,1763.3
1760.6,1760.6,1760.6,0.16,1757.6
1762.5,1769.9,1762.5,0.01,1770.3
1780.2,1782.3,1779,1.06,1784.8
1780.6,1793.6,1780.6,0.08,1785.7
1770.3,1770.3,1752,0.08,1756.3
1760.2,1760.2,1753.8,0.01,1758.3
1759.2,1763.7,1755.8,0.01,1758.4
1757.7,1757.7,1739.9,0.02,1744
1740.7,1747.7,1729.8,0.03,1729.2
1735.5,1768.5,1733.4,0.13,1762.3
1762.4,1768.3,1762.4,0.18,1764.1
1770.5,1776.4,1759.7,0.04,1773.2
1760,1769,1758.5,0.34,1766.9
1758,1770,1758,0.05,1767.6
1760.8,1760.8,1758.3,0.04,1765.7
1781.5,1787.5,1763.5,0.47,1764.1
1763.1,1763.1,1758,0.16,1762.5
1765.6,1776,1763.9,0.08,1766
1783.7,1801.7,1783.7,0.29,1802
1805.6,1806.8,1805.6,0.04,1804.8
1789.3,1789.3,1775.3,0.03,1775.1
1775.2,1775.6,1772.2,0.18,1772.7
1782,1791.2,1775.1,0.05,1777.6
1790.2,1791,1785.2,0.01,1791.6
1785.5,1789.9,1785.5,0.03,1788.8
1796.8,1820,1794,0.23,1803.4
1808.7,1809,1808.7,0.69,1813.7
1813.3,1813.3,1793.8,0.17,1800.4
1799.8,1806,1795.5,0.41,1805.9
1815.5,1819.3,1814,0.05,1809.6
1801.8,1801.8,1780,0.51,1790.7
1790.3,1802,1790.3,0.18,1802.5
1803,1803,1795.2,0.1,1796.1
1792.4,1792.4,1768.7,0.41,1770.3
1782,1800.2,1781,0.46,1800.1
1798.9,1826,1794,1.14,1823.6
1824.5,1835,1823.2,1.22,1835
1834.6,1840.5,1830.1,1.24,1837.7
1834.7,1875.5,1834.5,0.98,1855.2
1860.2,1873.9,1859.6,1.39,1870.8
1870.7,1875.6,1855.1,0.58,1875.4
1876,1876.3,1868,0.13,1873.9
1877.1,1882.5,1859,0.22,1861.3
1864.1,1877.5,1864.1,0.37,1877.4
1873.6,1874.1,1864.9,0.64,1868.6
1867.3,1869.9,1854.9,0.34,1859.2
1850.9,1852.1,1811.6,0.4,1814.4
1816.3,1816.3,1795,0.29,1791.7
1799.9,1803.9,1791.3,0.04,1792.3
1789.8,1795.3,1787.75,0,1792.4
1800.8,1811.5,1791.4,0.4,1793.2
1800,1803,1787.6,0.45,1790.6
1794.2,1812.8,1778,0.31,1781.9
1784.2,1800.5,1783.8,0.4,1790
1781.8,1787.4,1768,0.54,1768.4
1778.5,1793.2,1776.5,0.67,1789.5
1792.6,1792.6,1783.9,0.58,1785.3
1785.4,1793.6,1785.4,1.27,1790.7
1795.2,1797.6,1788,1.45,1791.7
1782,1787.9,1781,1.62,1783.1
1782.4,1797.2,1777.6,1.57,1791.3
1795.8,1799,1790.8,3.56,1795.3
1789.9,1791.6,1774.3,0.53,1779.3
1775.4,1785.2,1764.1,0.54,1771.5
1795,1806.8,1790.2,0.17,1805.4
1810,1820.6,1810,0.33,1811.9
1809.5,1810,1796,0.25,1801.6
1799.6,1808.4,1792.8,0.46,1795.9
1794.5,1810,1794.5,0.65,1809.3
1811.6,1818.7,1811.6,0.72,1818.6
1810.1,1810.1,1810.1,0,1810.1
1812.3,1821.5,1812.3,0.14,1815.8
1819.7,1825.7,1813.8,0.15,1818
1814.4,1814.4,1797.5,0.26,1813
1812.6,1822.3,1804.5,0.56,1821.4
1825,1837.9,1822.9,1.12,1835.9
1834.9,1834.9,1806,0.66,1807
1813.4,1822.5,1807.5,1.82,1821.4
1822.2,1835,1816.7,6.83,1831.5
1815,1815,1792,2.99,1795.4
1796.9,1804.1,1789.2,4.05,1803.7
1798.8,1806.9,1795.8,2.73,1805.1
1811,1829,1809.1,4.84,1824.6
1827.1,1834,1820.8,3.28,1833.7
1831.6,1834.5,1819.1,3.2,1827.7
1826,1834.8,1821.8,1.22,1822.9
1816.4,1818.1,1815.15,0,1815.75
1815.85,1822.9,1812.25,0,1819.05
1825,1828,1812.3,4.88,1819.5
1821.5,1850.4,1819.7,0.86,1850.1
1846.6,1855.1,1844.2,1.48,1849.5
1848.1,1849.5,1838.3,0.68,1838.8
1846,1851.6,1837.6,0.6,1849
1851,1859.9,1844,0.82,1859.8
1855.2,1855.6,1822.2,3.43,1836.9
1826.5,1826.5,1798.2,4.61,1800.4
1804,1804.9,1787.8,3.27,1792.2
1794.5,1806,1792.4,1.68,1802.2
1803.5,1814.3,1802.1,2.35,1807.2
1807.4,1817.2,1801.8,0.64,1816.1
1809.8,1814,1794.9,0.91,1810.1
1813.7,1821.5,1798.3,3.72,1814
1816,1830.3,1815.2,2.48,1827.9
1828.6,1836.4,1824.5,4.51,1834.5
1832.9,1843.4,1832.6,1.89,1843.3
1840.2,1849.7,1829.6,3.72,1844.8
1834.5,1873.2,1830,3.28,1849.9
1869.2,1884,1861.2,3.08,1877.1
1880.6,1888.8,1853.7,2.06,1863.7
1863,1880.9,1860,1.82,1878.9
1878.5,1909.9,1878.5,1.41,1909.3
1909,1912,1895.4,1.01,1907.1
1900.8,1909.35,1900.8,0,1908
1907.8,1918.3,1889.7,0,1912.05
1911.2,1923.9,1899,2.34,1914.7
1908.8,1920,1898.9,2.2,1917.7
1921.2,1981,1885.6,3.91,1933
1913.8,1931.4,1891.5,2.41,1894.2
1910.1,1941.6,1899.2,1.36,1907.4
1915.5,1955.6,1910.2,1.46,1950.4
1944.6,1957.8,1923.9,3.25,1929
1938,1951.2,1930.2,2.19,1942.9
1944.9,1981.1,1938.6,1.63,1973.6
1985,2013.4,1973.6,7.71,2002.6
2008.3,2085.2,1998.6,3.54,2049.9
2057.8,2072.1,1988,3.11,1994.9
2002.5,2021,1982.3,2.66,2008.2
2010.4,2010.4,1968.8,5.68,1993.1
1992,1995,1960.8,0.92,1969.3
1964.6,1964.6,1918,2.98,1938.5
1928.8,1938.3,1905,3.84,1918.3
1934.5,1959.2,1933.9,2.27,1952.1
1950.7,1950.8,1926.8,3.62,1937.9
1931,1951.2,1926.4,3.1,1939
1945.2,1948.5,1920,3.87,1931.2
1930.3,1958,1925.9,3.8,1947.1
1953.2,1977.2,1948.4,2.98,1972.6
1972.3,1974,1953.5,4.32,1964.9
1967.8,1968.3,1926,2.93,1949.9
1932,1937.5,1899,5.62,1923
1930,1948.3,1925.4,3.76,1944.1
1942.5,1960.4,1928.6,7.31,1959.5
1947.9,1949.5,1927.1,2.17,1929.2
1933.5,1946.1,1924,2.95,1939.7
1941.5,1954.4,1927.2,4.7,1933.5
1933.4,1942.2,1922.3,3.99,1929.3
1932.9,1948,1930,6.75,1944.2
1941.4,1958.3,1937.7,6.83,1952.2
1957.1,1981.2,1949.9,5.74,1955
1965,1989.1,1960.4,9.08,1983
1976.6,1992.2,1974,9.41,1991.5
1988.7,1990.6,1969.6,3.13,1981.6
1983.1,2009.5,1981.8,1.6,1993.3
1987.8,1991.6,1952.8,5.38,1965.8
1959,1967.3,1947.8,5.75,1962.3
1964.2,1966.2,1944.8,11.8,1955
1960,1964.5,1935,12.26,1941.4
1937.4,1942.6,1898.8,17.15,1903
1907.3,1918.7,1904.2,8.9,1911.1
1914,1914.8,1888.8,5.84,1895.6
1893,1904.3,1877.8,6.72,1898.3
1902.5,1928.2,1900.6,7.74,1918.6
1903.1,1907.4,1860.8,9.78,1870.6
1870.4,1885,1856.7,24.9,1877.8
1876.1,1898.8,1868.8,29.35,1876.2
1891.3,1917.6,1879.6,28.69,1883
1884.5,1900.8,1872.4,52.58,1890.2
1890.9,1891.8,1858.6,71.72,1865.9
1860.3,1871.6,1841.9,90.25,1848.4
1844.9,1864.5,1838,60.05,1861
1858.8,1865.8,1827.2,71.42,1831.6
1828.1,1834.2,1804,21.4,1814.8
1816,1832.4,1792,27.77,1820.4
1831.7,1840.9,1817.8,27,1825.4
1820.2,1829.3,1811.7,40.54,1822.4
1821.3,1854.5,1814.9,38.86,1847.8
1847.4,1854,1837.3,42.7,1848.4
1850.9,1870.4,1849.7,62.66,1853.9
1858.6,1875,1853.9,76.58,1871.4
1871.2,1872.7,1845,99.6,1852.5
1857.9,1859,1842.5,92.09,1853.9
1855.1,1866.9,1851.9,123.76,1857.3
1850.55,1851.76,1845.9,0,1847.65
1847.79,1862.1,1846.54,0,1855.4
1856.5,1867.9,1837.6,201.8,1848.4
1840,1853,1830.2,158.04,1848.7
1849.9,1874.4,1846.5,127.47,1871.4
1872.6,1878.6,1849.7,115.34,1850.2
1853.7,1861.2,1843,103.18,1843.7
1843.5,1858.2,1838.5,119.21,1852.1
1855,1862.4,1846.6,114.14,1856.5
1855.1,1857.8,1841.9,131.29,1852.8
1850.4,1879.6,1826.5,267.2,1875.5
1879,1882.5,1819,252.54,1831.8
1820.9,1833.3,1806.1,165.15,1813.5
1809.7,1845.4,1808.4,203.42,1819.6
1835.8,1860.2,1816.3,180.89,1849.9
1859.3,1861.5,1836.1,141.72,1840.6
1836.81,1842.33,1836.78,0,1840.6
1840.7,1848.25,1837,0,1840.55
1840.6,1848.4,1830.7,176.3,1838.8
1834.9,1850.3,1824.5,149.55,1838.4
1839.7,1848.9,1823.5,167.07,1829.8
1824.2,1833.7,1817.7,139.72,1830.3
1839.6,1842.8,1821.8,143.82,1824.8
1823.6,1830.9,1819.1,111.4,1821.2
1821.4,1834.9,1810.7,155.54,1817.5
1819.2,1826.8,1802.5,208.9,1807.3
1808.1,1813.6,1783.4,249.49,1801.5
1812.5,1814.2,1809.05,0,1809.1
1809.2,1815.1,1804.85,0,1810.05
1814.4,1815.2,1763,310.37,1763.9
1764.2,1771.5,1730.7,258.82,1736.5
1737.2,1748.2,1734.7,151.26,1739.7
1738.7,1751.7,1726,0,1742.3
1741.5,1743,1729,0,1731.7
1731.3,1742.2,1721.6,0,1724.8
1723.6,1744.3,1704.5,0,1735.5
1733.6,1734.8,1695,0,1705.8
1708.2,1714.2,1696.6,0,1703.6
1706.4,1722,1704.4,0,1710.2
1707.2,1716.5,1702.6,0,1710.7
1709.5,1712.7,1690.1,0,1700.2
1693.7,1719.5,1678.4,0,1713.4
1717.2,1738.3,1711.7,0,1727.4
